Model	Chassis	Engine	Colour	Phone	Date1	Date2	Marker	X	Y	StockStatus
ALSVIN AT LUMIERE MCA	NKMA2ASE5S1012537	JL473QFS3CAD512584	STELLAR WHITE		27-11-25	22-12-25	Allocation			IN STOCK
DEEPAL S05 SUV REEV PREMIUM (COSMIC AMBER INTERIOR)	NKMCME0Z2T1000332	XTDM38	STELLAR WHITE				Allocation			IN STOCK
DEEPAL S05 SUV REEV PREMIUM (COSMIC AMBER INTERIOR)	NKMCME0Z2T1001166	JL469Q1TFPAKA04395	STELLAR WHITE (COSMIC AMBER INTERIOR)	923336007015	01-05-26	06-05-26	BOOKING			IN STOCK
DEEPAL S05 SUV REEV PREMIUM (COSMIC AMBER INTERIOR)	NKMCME0Z2T1002306	JL469Q1TFPAKA13622	GALAXY BLACK (COSMIC AMBER INTERIOR)	923004788888	20-06-26	27-06-26	BOOKING			IN STOCK
SHERPA POWER PICKUP 1.2L	1002695		STELLAR WHITE (COSMIC AMBER INTERIOR)		04-08-26	04-08-26	BOOKING			IN STOCK
DEEPAL EO7	400220		BALACK			08-08-26				IN STOCK
ALSVIN MT COMFORT MCA	NKMA2CBR4T1003964		STELLAR WHITE	923250247412	07-08-26					IN STOCK
ALSVIN LUMIERE	NKMA2ASE5T1013505	JL473QFS3CAD517010	STELLAR WHITE			03-09-26				IN STOCK
KARVAAN POWER PLUS 1.2L (UG)	NKMAAB3R3T1004301		STELLAR WHITE	923317967787	15-08-26	03-09-26				IN STOCK
KARVAAN POWER PLUS 1.2L (UG)	NKMAAB3R3T1004302		STELLAR WHITE	923216864424	15-08-26	03-09-26				IN STOCK
S05 - REEV PREMIUM	NKMCME0Z2T1004421		STELLAR WHITE	923007312226	19-08-26	02-09-26				IN STOCK
ALSVIN AT LUMIER	NKMA2ASE5T1013580		STELLAR WHITE		25-08-26	07-09-26				IN STOCK
OSHAN X7 COMFORT MC (7 SEATS)	NKMASE2E9T1010402	JL473ZQ7TN8AT014336	GALAXY BLACK	923013609238	27-08-26	28-08-26				IN STOCK
OSHAN X7 FUTURE SENSE MC (5 SEATS)	NKMASE2E8T1002437		STELLAR WHITE	923376247900	30-08-26					TRANSIT
S05 - REEV PREMIUM	NKMCME0Z2T1004978	JL469Q1TFAPA33807	STELLAR WHITE	923007859337	30-08-26					TRANSIT
S05 - REEV PREMIUM	NKMCME0Z2T1004916	JL469Q1TFAPA32168	STELLAR WHITE	923007356327	30-08-26	07-09-26				IN STOCK
S05 - REEV PREMIUM	NKMCME0Z2T1004925	JL469Q1TFAPA31905	STELLAR WHITE	923006325096	30-08-26	07-09-26				IN STOCK
OSHAN X7 FUTURE SENSE MC (7 SEATS)	NKMASE2E9T1011191	JL473ZQ7SN8AT192710	STELLAR WHITE	923006809687		31-08-26				IN STOCK
KARVAAN POWER PLUS 1.2L (UG)	NKMAAB3R3T1004419		STELLAR WHITE		02-09-26	14-09-26				IN STOCK
KARVAN UG	1004180		STELLAR WHITE	923138688200		04-09-26				INSTOCK
S05 - REEV PREMIUM	1004649		GALAXY BLACK (COSMIC AMBER INTERIOR)			05-09-26				INSTOCK
KARVAAN POWER PLUS 1.2L (UG)	NKMAAB3R3T1004641	JL473QT30C502056	STELLAR WHITE	923338904274	07-09-26	16-09-26				IN STOCK
KARVAAN POWER PLUS 1.2L (UG)	NKMAAB3R3T1004653	JL473QT30C501966	STELLAR WHITE	923007808058	07-09-26	16-09-26				IN STOCK
KARVAAN POWER COMFORT 1.2L	NKMAAB3R2T1001201	JL473QS30C509708	SPACE GREY	923012443832	11-09-26	17-09-26				IN STOCK
S05 - REEV PREMIUM	NKMCME0Z2T1005180	JL469Q1TFPAPA34521	GALAXY BLACK	OVERFLOW	16-09-26	19-09-26				IN STOCK
SHERPA POWER PICKUP 1.2L	NKMAB13R2T1002993	JL473QT30A504641	STELLAR WHITE	923014544236	14-09-26	18-09-26				IN STOCK
KARVAAN POWER PLUS 1.2L (UG)	NKMAAB3R3T1004444	JL473QT30C502008	LUNAR SILVER	923006230984	14-09-26	18-09-26				IN STOCK
ALSVIN MT COMFORT MCA	NKMA2CBR4T1004021	JL473Q4T3EE501368	STELLAR WHITE	923007348528	17-09-26	22-09-26				IN STOCK
ALSVIN AT LUMIERE MCA	NKMA2ASE5T1013619	JL473QFS3CAD515440	CLS RED		19-09-26	26-09-26	Allocation			IN STOCK
KARVAAN POWER PLUS 1.2L (UG)	NKMAAB3R3T1004728		STELLAR WHITE	923059005256	21-09-26	25-09-26				IN STOCK
SHERPA POWER PICKUP 1.2L	NKMAAB3R3T1003055		STELLAR WHITE	923136885161	21-09-26	25-09-26				IN STOCK
ALSVIN MT COMFORT MCA	NKMA2CBR4T1004015		STELLAR WHITE	923335994700	21-09-26	25-09-26				IN STOCK
KARVAAN POWER PLUS 1.2L (UG)	NKMAAB3R3T1004721	JL47Q3T30C504102	STELLAR WHITE	923116808512	22-09-26	25-09-26				IN STOCK
S05 - REEV PREMIUM	NKCMCE02T1005097	JL469Q1TFPAPA34658	GALAXY BLACK	923007831732	22-09-26	25-09-26				IN STOCK
KARVAAN POWER PLUS 1.2L (UG)	NKMAAB3R3T1004702	JL473QT30C504053	LUNAR SILVER	923016910596	23-09-26	26-09-26				IN STOCK
KARVAAN POWER COMFORT 1.2L	NKMAAB3R2T1001227	JL473QT30C504162	STELLAR WHITE	923217300717	23-09-26	26-09-26				IN STOCK
ALSVIN MT COMFORT MCA	NKMA2CBR4T1004014	JL473Q4T3EE501355	STELLAR WHITE	923077487557	23-09-26	26-09-26				IN STOCK
ALSVIN MT COMFORT MCA	NKMA2CBR4T1004030	JL473Q4T3EE501363	STELLAR WHITE	923009451906	23-09-26	26-09-26				IN STOCK
ALSVIN AT LUMIERE MCA	NKMA2ASE5T1013673	JL473QFT3CAD504615	GALAXY BLACK	923008732161	23-09-26	26-09-26				IN STOCK
KARVAAN POWER PLUS UG 1.2L	NKMAAB3R3T1004715	JL473QT30C504209	STELLAR WHITE		23-09-26	26-09-26				IN STOCK
KARVAAN POWER PLUS 1.2L (UG)	KMAAB3R3T1004815	JL473QT30C504910	LUNAR SILVER	923097908736	25-09-26	30-09-26				IN STOCK
KARVAAN POWER PLUS 1.2L (UG)	NKMAAB3R3T1004834	JL473QT30C504917	STELLAR WHITE	923012343227	25-09-26	30-09-26				IN STOCK
KARVAAN POWER PLUS 1.2L (UG)	NKMAAB3R3T1004835	JL473QT30C504845	STELLAR WHITE	923037557566	25-09-26	03-10-26				TRANSIT
SHERPA POWER PICKUP 1.2L	NKMAB13R2T1003136	JL473QT30A503742	STELLAR WHITE	923027943145	25-09-26	30-09-26				INSTOCK
SHERPA POWER PICKUP 1.2L	NKMAB13R2T1003122	JL473QT30A503612	STELLAR WHITE	923447930172	25-09-26					TRANSIT
KARVAAN POWER PLUS 1.2L (UG)	NKMAAB3R3T1004829	JL473QT30C505180	STELLAR WHITE	923077806462	28-09-26	01-10-26	BOOKING			IN STOCK
KARVAAN POWER PLUS 1.2L (UG)	NKMAAB3R3T1004850	JL473QT30C504834	STELLAR WHITE	923028446607	28-09-26	01-10-26	BOOKING			INSTOCK
KARVAAN POWER PLUS 1.2L (UG)	NKMAAB3R3T1004786	JL473QT30C504788	STELLAR WHITE	923487394133	28-09-26	01-10-26	BOOKING			INSTOCK
KARVAAN POWER PLUS 1.2L (UG)	NKMAAB3R3T1004780	JL473QT30C504810	STELLAR WHITE	923124873599	28-09-26	01-10-26	BOOKING			INSTOCK
S05 - REEV PREMIUM	NKMCME0Z2T1005277	JL469Q1TFPAPA40954	STELLAR WHITE	923008746490	29-09-26	03-10-26	BOOKING			TRANSIT
S05 - REEV PREMIUM	NKMCME0Z2T1005308	JL469Q1TFPAPA40069	STELLAR WHITE	923117111751	29-09-26	03-10-26	BOOKING			TRANSIT
S05 - REEV PREMIUM	NKMCME0Z2T1005452	JL469Q1TFPAPA39675	STELLAR WHITE	923008634545	29-09-26	05-10-26	BOOKING			INSTOCK
ALSVIN MT COMFORT MCA	NKMA2CBR4T1004038	JL473Q4T3EE501235	GALAXY BLACK	923006768708	30-09-26		BOOKING			TRANSIT
KARVAAN POWER PLUS 1.2L (UG)	NKMAAB3R3T1004926	JL473QT30C505058	STELLAR WHITE	923018177668	30-09-26		BOOKING			TRANSIT
KARVAAN POWER PLUS 1.2L (UG)	NKMAAB3R3T1004914	JL473QT30C504943	STELLAR WHITE	923018687788	30-09-26		BOOKING			TRANSIT
S05 - REEV PREMIUM	NKMCME0Z2T1005450	JL469Q1TFPAPA40101	SPACE GRAY	923226125359	30-09-26	05-10-26	BOOKING			INSTOCK
S05 - REEV PREMIUM	NKMCME0Z2T1005435	JL469Q1TFPAPA39677	STELLAR WHITE	923000888865	30-09-26	05-10-26	BOOKING			INSTOCK
S05 - REEV PREMIUM	NKMCME0Z2T1005429	JL469Q1TFPAPA40114	STELLAR WHITE	923008739717	30-09-26	05-10-26	BOOKING			INSTOCK
S05 - REEV PREMIUM	NKMCME0Z2T1005415	JL469Q1TFPAPA40103	STELLAR WHITE	923064121232	30-09-26	05-10-26	BOOKING			INSTOCK
S05 - REEV PREMIUM	NKMCME0Z2T1005353	JL469Q1TFPAPA34694	GALAXY BLACK		30-09-26	05-10-26	BOOKING			INSTOCK
OSHAN	1000522	16123	GALAXY BLACK			02-10-26				INSTOCK
AVATR 7	500970		WHITE			02-10-26				INSTOCK
AVATR 11	600163		BLACK			02-10-26				INSTOCK
S05 - REEV PREMIUM	NKMCME0Z1T1005563	JL469Q1TFPAPA41479	STELLAR WHITE	923008738545	02-10-26					TRANSIT
S05 - REEV PREMIUM	NKMCME0Z2T1005610	JL469Q1TFPAPA34562	GALAXY BLACK	923007312753	02-10-26					TRANSIT
S05 - REEV PREMIUM	NKMCME0Z2T1005578	JL469Q1TFPAPA34580	STELLAR WHITE	923007721143	02-10-26					TRANSIT
S05 - REEV PREMIUM	NKMCME0Z2T1005597	JL469Q1TFPAPA42594	GALAXY BLACK	923000888865	02-10-26					TRANSIT
S05 - REEV PREMIUM	NKMCME0Z2T1005607	JL469Q1TFPAPA40347	GALAXY BLACK	923026999076	02-10-26					TRANSIT
OSHAN X7 COMFORT MC (7 SEATS)	NKMASE2E9T1011402	JL473ZQ7TN8AT018176	STELLAR WHITE	923346787059		05-10-26				INSTOCK
OSHAN X7 COMFORT MC (7 SEATS)	NKMASE2E9T1011362	JL473ZQ7TN8AT018207	GALAXY BLACK			05-10-26				INSTOCK
